race,year,total_race_votes,participation_pct,max_min_ratio,D1_share,D2_share,D3_share,D4_share,D5_share,D6_share,D7_share
City Attorney (2024),2024,137572,79.5,2.44,21.5,12.5,14.7,20.6,8.8,12.2,9.6
US Rep 12th (2024),2024,155694,89.3,2.47,20.6,13.3,14.2,21.0,8.5,13.2,9.2
President (2024),2024,171244,98.2,2.49,20.4,13.4,14.1,21.3,8.5,13.1,9.2
Recall Thao (2024),2024,142727,82.5,2.57,20.3,13.5,14.2,21.5,8.4,13.1,9.1
At-Large Council (2024),2024,143575,83.0,2.58,20.6,13.2,14.1,21.5,8.3,13.0,9.2
DA (2022),2022,120679,90.4,2.98,21.9,13.3,13.4,22.8,7.7,12.9,8.1
Governor (2022),2022,131248,98.2,3.08,22.0,13.3,13.4,23.3,7.5,12.6,7.9
Mayor (2022),2022,125401,94.0,3.18,22.2,13.4,13.2,23.6,7.4,12.6,7.6
City Auditor (2022),2022,94799,71.1,3.18,21.8,13.0,13.1,23.5,7.4,13.2,8.0
